{
	"easycom": {
		"custom": {
			"^uni-(.*)": "@/components/uni-$1/uni-$1.vue", // 匹配components目录内的vue文件
			"home-(.*)": "@/pages/index/components/home-$1.vue", // 匹配index内的vue文件
			"goods-(.*)": "@/pages/goods/components/goods-$1.vue", // 匹配goods内的vue文件
			"material-(.*)": "@/pages/material/components/material-$1.vue", // 匹配material内的vue文件
			"business-(.*)": "@/pages/business/components/business-$1.vue", // 匹配material内的vue文件
			"order-(.*)": "@/pages/user/myorder/components/order-$1.vue", // 匹配order内的vue文件
			"review-(.*)": "@/pages/user/review/components/review-$1.vue",
			"cancle-(.*)": "@/pages/user/myorder/cancel/components/cancle-$1.vue",
			"rider-(.*)": "@/pages/rider/components/rider-$1.vue",
			"manage-(.*)": "@/pages/rider/manage/components/manage-$1.vue",
			"riderinfo-(.*)": "@/pages/rider/riderinfo/components/riderinfo-$1.vue",
			"^u-(.*)": "@/uview-ui/components/u-$1/u-$1.vue",
			"^easy-(.*)": "@/components/easy-$1/easy-$1.vue",
			"lb-picker": "@/components/lb-picker/index.vue"
		}
	},
	"pages": [ //pages数组中第一项表示应用启动页，参考：https://uniapp.dcloud.io/collocation/pages
		{
			"path": "pages/login/login",
			"style": {
				"navigationBarTitleText": "登录",
				"navigationStyle": "custom"
			}
		},
		{
			"path": "pages/index/index",
			"style": {
				// "navigationBarTitleText": "首页",
				// "navigationStyle": "custom",
				"transparentTitle": "none",
				"app-plus": {
					"titleNView": {
						"padding-right": "15px",
						"backgroundColor":"#176CDC",
						"searchInput": {
							"borderRadius": "15px",
							"backgroundColor": "#FFFFFF",
							"placeholder": "输入要搜索内容",
							"disabled":true
						},
						"buttons": [{
							"background":"",
							"text": "23℃ 晴",
							"color": "#FFFFFF",
							"fontSize": "24rpx",
							"select": true,
							"width": "auto",
							"float": "left"
						}]
					}
				}
			}
		},
		{
			"path": "pages/index/choosecity/choosecity",
			"style": {
				"navigationBarTitleText": "选择城市"
			}
		},
		{
			"path": "pages/index/demand/demand",
			"style": {
				"navigationBarTitleText": "要货单",
				"navigationStyle": "custom"
			}
		},
		{
			"path": "pages/goods/goods",
			"style": {
				"navigationBarTitleText": "商品列表",
				"navigationStyle": "custom"
			}
		},
		{
			"path": "pages/index/visitshop/visitshop",
			"style": {
				"navigationBarTitleText": "商品列表",
				"navigationStyle": "custom"
			}
		},
		{
			"path": "pages/material/material",
			"style": {
				"navigationBarTitleText": "资料下载",
				"navigationBarBackgroundColor": "#fff"
			}
		},
		{
			"path": "pages/material/video/video",
			"style": {
				"navigationBarTitleText": "视频观看",
				"navigationBarBackgroundColor": "#fff"
			}
		},
		{
			"path": "pages/user/user",
			"style": {
				"navigationBarTitleText": "我的",
				"navigationStyle": "custom"
			}
		},
		{
			"path": "pages/login/password",
			"style": {
				"navigationBarTitleText": "忘记密码",
				"navigationBarBackgroundColor": "#fff",
				"navigationStyle": "custom"
			}
		},
		{
			"path": "pages/login/register",
			"style": {
				"navigationBarTitleText": "注册账号",
				"navigationBarBackgroundColor": "#fff",
				"navigationStyle": "custom"
			}
		}, {
			"path": "pages/index/Products/Products",
			"style": {
				"navigationBarTitleText": "已选产品",
				"navigationBarBackgroundColor": "#fff",
				"navigationStyle": "custom"
			}
		}, {
			"path": "pages/goods/vague-search/vague-search",
			"style": {
				"navigationBarTitleText": "模糊搜索",
				"navigationBarBackgroundColor": "#fff"
			}
		}, {
			"path": "pages/goods/good-detail/good-detail",
			"style": {
				"navigationBarTitleText": "商品详情",
				"navigationBarBackgroundColor": "#fff"
			}
		},{
			"path": "pages/goods/setMeal-detail/setMeal-detail",
			"style": {
				"navigationBarTitleText": "商品详情",
				"navigationBarBackgroundColor": "#fff"
			}
		},{
			"path": "pages/index/visit-gooddetail/visit-gooddetail",
			"style": {
				"navigationBarTitleText": "商品详情",
				"navigationBarBackgroundColor": "#fff"
			}
		}, {
			"path": "pages/user/myorder/myorder",
			"style": {
				"navigationBarTitleText": "我的订单",
				"navigationStyle": "custom"
			}
		}, {
			"path": "pages/user/review/review",
			"style": {
				"navigationBarTitleText": "复核订单",
				"enablePullDownRefresh": true,
				"app-plus": {
					"titleNView": {
						"buttons": [{
							"text": "首页",
							"fontSize": "30rpx",
							"float": "right",
							"color":"#2B85E4"
						}]
					}
				}
			}
		},{
			"path": "pages/user/returnorder/returnorder",
			"style": {
				"navigationBarTitleText": "退货单"
			}
		}, {
			"path": "pages/user/returnorder/detail/detail",
			"style": {
				"navigationBarTitleText": "退货审核"
			}
		},  {
			"path": "pages/user/myorder/check/check",
			"style": {
				"navigationBarTitleText": "复核订单"
			}
		}, {
			"path": "pages/user/myorder/detail/detail",
			"style": {
				"navigationBarTitleText": "订单详情"
			}
		}, {
			"path": "pages/rider/detail/detail",
			"style": {
				"navigationBarTitleText": "订单详情"
			}
		},{
			"path": "pages/user/myorder/completed/completed",
			"style": {
				"navigationBarTitleText": "已完成"
			}
		}, {
			"path": "pages/user/myorder/cancel/cancel",
			"style": {
				"navigationBarTitleText": "已取消"
			}
		}, {
			"path": "pages/user/myorder/refunds/refunds",
			"app-plus": {
			    "softinputMode": "adjustResize"
			},
			"style": {
				"navigationBarTitleText": "退货申请"
			}
		},{
			"path": "pages/user/myorder/qrorder/qrorder",
			"style": {
				"navigationBarTitleText": "扫描二维码"
			}
		},
		{
			"path": "pages/business/business",
			"style": {
				"navigationBarTitleText": "供应商入驻",
				"navigationBarBackgroundColor": "#fff"
			}
		}, {
			"path": "pages/business/businessstate",
			"style": {
				"navigationBarTitleText": "供应商入驻",
				"navigationBarBackgroundColor": "#fff"
			}
		}, {
			"path": "pages/rider/rider",
			"style": {
				"navigationBarTitleText": "骑手订单",
				"navigationStyle": "custom",
				"app-plus": {  
				    "titleNView": false //禁用原生导航栏  
				 }  
				
				// "app-plus": {
				// 	"titleNView": {
				// 		"autoBackButton": false,
				// 		"titleIcon":"./static/image/back.png",
				// 		"buttons": [{
				// 			"text": "退出",
				// 			"fontSize": "30rpx",
				// 			"float": "right",
				// 			"color":"#2B85E4"
				// 		}]
				// 	}
				// }
			}
		}, {
			"path": "pages/rider/riderinfo/riderinfo",
			"style": {
				"navigationBarTitleText": "订单信息"
			}
		},
		{
			"path": "pages/rider/manage/manage",
			"style": {
				"navigationBarTitleText": "分配骑手",
				"enablePullDownRefresh": true,
				"app-plus": {
					"titleNView": {
						"autoBackButton": false,
						"buttons": [{
							"text": "退出",
							"fontSize": "30rpx",
							"float": "right",
							"color":"#2B85E4"
						}]
					}
				}
			}
		}
    ],
	"globalStyle": {
		"navigationBarTextStyle": "black",
		"navigationBarTitleText": "uni-app",
		"navigationBarBackgroundColor": "#F8F8F8",
		"backgroundColor": "#F8F8F8"
	},
	"tabBar": {
		"borderStyle": "white",
		"color": "#000000",
		"selectedColor": "#436EEE",
		"backgroundColor": "#FFFFFF",
		"list": [{
				"pagePath": "pages/index/index",
				"text": "首页",
				"iconPath": "static/image/home.png",
				"selectedIconPath": "static/image/home_active.png"
			},
			{
				"pagePath": "pages/material/material",
				"text": "资料下载",
				"iconPath": "static/image/material.png",
				"selectedIconPath": "static/image/material_active.png"
			},
			{
				"pagePath": "pages/user/user",
				"text": "我的订单",
				"iconPath": "static/image/user.png",
				"selectedIconPath": "static/image/user_active.png"
			}
		]
	}
}
